{
  "mob.player.neutral.hurt": {
    "replace": true,
    "sounds": [
      "damage/minerAgh_v3.ogg",
      "damage/minerOof_v3.ogg",
      "damage/minerOoh_v3.ogg"
    ],
    "subtitle": "subtitles.random.hurt"
  },
  "mob.player.neutral.death": {
    "replace": true,
    "sounds": [
      "damage/minerAaah_v3.ogg",
      "damage/minerAagh_v3.ogg",
      "damage/minerAugh_v3.ogg",
    ],
    "subtitle": "subtitles.mob.player.death"
  },
  "random.hurt": {
	  "replace": true,
    "sounds": [
      "damage/minerAgh_v3.ogg",
      "damage/minerOof_v3.ogg",
      "damage/minerOoh_v3.ogg"
    ],
    "subtitle": "subtitles.random.hurt"
  }
}
